Agg_Col|TFIDF_SCORE
01/01/2013|16.284253965004467
01/01/2015|5.357427753196117
01/01/2016|33.38364804198561
01/01/2019|7.679361080636168
01/02/2010|4.6705341654689025
01/02/2011|33.617333842313016
01/02/2012|15.684688019980234
01/02/2013|30.803687445303673
01/02/2016|125.69639453283592
01/02/2017|70.99502202031734
01/02/2018|36.301495074419904
01/02/2019|86.33455538668798
01/03/2011|22.618124037937854
01/03/2012|39.67562562348771
01/03/2013|20.320844577253894
01/03/2016|62.437135604959316
01/03/2017|55.72827974508487
01/03/2018|32.66847925926602
01/03/2019|58.13275363898727
01/04/2010|5.314817701158883
01/04/2011|13.705079018115011
01/04/2013|18.357933881465733
01/04/2015|25.15554569259632
01/04/2016|91.12273846162823
01/04/2019|56.62113777666764
01/05/2012|5.123607352230889
01/05/2013|4.781198466642385
01/05/2014|4.985266038028712
01/05/2015|9.647635766726296
01/05/2017|14.990394032295079
01/05/2018|24.423909541869143
01/05/2019|56.2267060064296
01/06/2010|5.16120173589953
01/06/2011|16.633951623351642
01/06/2012|34.362988864569914
01/06/2015|41.78375651299343
01/06/2016|59.32036052665089
01/06/2017|59.426510960285185
01/06/2018|31.200168618618676
01/07/2011|16.988593659311682
01/07/2013|11.905704316013814
01/07/2014|3.88546618421117
01/07/2015|21.907225250418747
01/07/2016|60.94727486125226
01/07/2019|32.216901813178694
01/08/2011|13.188298599251148
01/08/2012|17.72113203193576
01/08/2013|16.314667174748546
01/08/2016|76.52872907108134
01/08/2017|40.496663353290266
01/08/2018|29.059166044312484
01/08/2019|39.36943926414235
01/09/2014|10.162351108316678
01/09/2015|31.37303436160839
01/09/2016|74.46846567681922
01/09/2017|56.47855268830361
01/10/2012|23.839894642751986
01/10/2013|32.77352728944678
01/10/2014|5.229273655279236
01/10/2015|17.39360253226488
01/10/2018|56.76740183877951
01/10/2019|36.73715793845897
01/11/2011|22.317729169425032
01/11/2012|3.842686460469105
01/11/2013|22.40738855293805
01/11/2016|40.28336366955096
01/11/2017|47.13815535120336
01/11/2018|45.68057920385138
01/11/2019|58.87841068657535
01/12/2010|10.40756225061204
01/12/2011|17.560030851872476
01/12/2014|35.8673383389076
01/12/2015|29.695082054153104
01/12/2016|106.06261813500036
01/12/2017|69.83767589903987
02/01/2012|9.863505536332639
02/01/2013|22.714418730192676
02/01/2014|10.547597246977821
02/01/2015|7.662394361472841
02/01/2017|9.343289325257023
02/01/2018|13.784712976745475
02/01/2019|38.422280229199124
02/02/2011|29.847269691274636
02/02/2012|16.11952119140926
02/02/2015|12.839947440568748
02/02/2016|133.28203038045706
02/02/2017|25.556869009802995
02/02/2018|60.67909167426305
02/03/2010|4.702065730200214
02/03/2011|5.5234968127278075
02/03/2012|31.289921989701675
02/03/2015|8.244773626940852
02/03/2016|77.94455891403882
02/03/2017|37.728239528622375
02/03/2018|41.634270491874986
02/04/2012|34.06223065807953
02/04/2013|22.47914860665218
02/04/2014|4.157955860816576
02/04/2015|8.87841903571893
02/04/2018|34.206346675918454
02/04/2019|35.40721830257699
02/05/2011|11.29745572921859
02/05/2012|11.167972837135355
02/05/2013|12.816502291126579
02/05/2014|5.447958167152179
02/05/2016|38.54701537030128
02/05/2017|45.782930185295776
02/05/2018|40.52741061090298
02/05/2019|53.46856949761368
02/06/2011|9.291945214577204
02/06/2015|14.342186329958029
02/06/2016|93.6912918859962
02/06/2017|76.63467065331517
02/07/2010|5.928072797519823
02/07/2012|28.831089289372002
02/07/2013|20.599891140018634
02/07/2014|3.9189187868796855
02/07/2015|11.809135550905937
02/07/2018|54.5046222992634
02/07/2019|28.14951946749907
02/08/2011|24.186035952621708
02/08/2012|30.85552641292326
02/08/2013|21.521750076057266
02/08/2016|74.77964397721772
02/08/2017|47.11550457211565
02/08/2018|28.401056192048454
02/08/2019|50.408645898074305
02/09/2011|34.2096744371501
02/09/2013|21.20625944343411
02/09/2014|15.385097929026191
02/09/2015|21.834006256670342
02/09/2016|77.08235596375134
02/09/2019|20.45509977145809
02/10/2012|4.887263789974027
02/10/2013|12.957290832488411
02/10/2015|25.755676874421454
02/10/2017|44.904964299759506
02/10/2018|54.230678484307184
02/10/2019|36.82405518608182
02/11/2010|4.463294006027202
02/11/2011|22.687030209472113
02/11/2012|14.91563149173739
02/11/2015|17.1247194718786
02/11/2016|52.645835104944524
02/11/2017|36.0312845088691
02/11/2018|69.56435520511003
02/12/2009|5.127889330547647
02/12/2010|4.595298775869019
02/12/2011|18.200892445256812
02/12/2013|13.147991759550742
02/12/2014|22.93597565757355
02/12/2015|25.841326786835197
02/12/2016|54.303195120120805
03/01/2011|5.237606609512246
03/01/2012|40.76959774351287
03/01/2013|16.090726678606124
03/01/2014|22.807602901523087
03/01/2017|41.837337345420906
03/01/2018|39.731186302512754
03/01/2019|34.21214154013256
03/02/2011|28.78093403623853
03/02/2012|15.773652118295026
03/02/2014|16.439831205375746
03/02/2015|22.216774022294953
03/02/2016|57.978273549969416
03/02/2017|71.65492725901748
03/03/2011|14.345851649779021
03/03/2014|10.469211263354929
03/03/2015|25.863173805432822
03/03/2016|71.56494936863665
03/03/2017|41.20648406110252
03/04/2012|17.66246760883421
03/04/2013|19.075734365180296
03/04/2014|4.310692963590072
03/04/2015|5.009359203631317
03/04/2017|73.75986146000821
03/04/2018|18.17575614029916
03/04/2019|48.28462352988074
03/05/2010|5.131970428118306
03/05/2011|13.562273906348278
03/05/2012|29.423398541644424
03/05/2013|16.340449044990887
03/05/2016|56.84529202155995
03/05/2017|56.05807573177551
03/05/2018|16.539528410671277
03/05/2019|37.53543350196283
03/06/2011|13.904885756227582
03/06/2013|23.96943400416439
03/06/2015|15.774385107956773
03/06/2016|111.38298408291722
03/06/2019|54.890157498331696
03/07/2012|29.286741557457336
03/07/2013|15.71888169121677
03/07/2015|28.005283938247157
03/07/2017|70.47105236956114
03/07/2018|55.73995623578805
03/07/2019|24.246010497898894
03/08/2011|8.452777238024002
03/08/2012|8.837653526659267
03/08/2015|17.903491353793044
03/08/2016|42.06234650973685
03/08/2017|37.95425645865479
03/08/2018|45.65060577076704
03/09/2010|5.636366932008547
03/09/2012|21.901589239620264
03/09/2013|31.57131589490446
03/09/2014|12.932398007915674
03/09/2015|8.613810901910863
03/09/2018|18.68280784938818
03/09/2019|30.273779298717834
03/10/2011|41.61467533617206
03/10/2012|20.257815326185263
03/10/2013|19.2619483262801
03/10/2014|5.184685314644492
03/10/2016|72.38113135405248
03/10/2017|42.90913254780137
03/10/2018|53.168806089461015
03/10/2019|38.93695378511919
03/11/2011|39.95343426188947
03/11/2014|12.246167567475599
03/11/2015|28.057551853414548
03/11/2016|66.89552487256078
03/11/2017|80.08308929745976
03/12/2012|32.86128674316755
03/12/2013|17.501762837482712
03/12/2014|29.623121849489827
03/12/2015|47.848422552442194
03/12/2018|70.33906671903723
04/01/2011|24.215948965137564
04/01/2012|45.08120641128583
04/01/2013|23.990181195780387
04/01/2016|21.451471096866605
04/01/2017|35.92472828821771
04/01/2018|107.42783039328329
04/01/2019|78.01786446131379
04/02/2011|8.784460154740025
04/02/2013|23.099408719931674
04/02/2014|14.03307725839591
04/02/2015|23.165912382974458
04/02/2016|141.9146019633435
04/02/2019|30.721656320903733
04/03/2010|5.352151805397271
04/03/2011|19.626549513874075
04/03/2013|22.64767636986047
04/03/2014|8.230925465571211
04/03/2015|33.88488234486911
04/03/2016|98.73179925987762
04/03/2019|47.74677154188952
04/04/2011|12.126549515493657
04/04/2012|25.56865813379541
04/04/2013|22.098569416881535
04/04/2014|5.457080976053075
04/04/2016|42.39269445322806
04/04/2017|41.52877435157689
04/04/2018|27.096526990153396
04/04/2019|31.26514876011725
04/05/2010|5.214636729820135
04/05/2011|21.478556842780673
04/05/2012|8.273839360304024
04/05/2015|22.42012635409913
04/05/2016|71.63129801105548
04/05/2017|64.96069359918786
04/05/2018|36.486359443879984
04/06/2010|12.481456850313567
04/06/2012|27.80690067685542
04/06/2013|16.830022602438326
04/06/2015|26.25194893069925
04/06/2018|31.480226097040312
04/06/2019|26.414544456146217
04/07/2011|8.218147932499384
04/07/2012|7.583139286355983
04/07/2013|18.906813305541135
04/07/2014|3.4880646551037704
04/07/2016|76.67586959270062
04/07/2017|24.21059106828559
04/07/2018|30.30656697203465
04/07/2019|34.74638998538719
04/08/2010|3.8639354458968778
04/08/2011|10.787699410791937
04/08/2014|5.884921796574304
04/08/2015|33.09061811798243
04/08/2016|41.92587652034871
04/08/2017|69.93440048669453
04/09/2012|19.050264587653974
04/09/2013|24.977608825452798
04/09/2014|21.88541366829659
04/09/2015|30.95187332279776
04/09/2017|44.17605236065751
04/09/2018|37.24640973663014
04/09/2019|28.491871810733667
04/10/2011|42.06215041860625
04/10/2012|25.563892869776147
04/10/2013|18.477468525172444
04/10/2016|28.896720737897667
04/10/2017|61.401948327252306
04/10/2018|85.4330217243287
04/10/2019|54.73120580724431
04/11/2011|37.98391000671151
04/11/2013|7.495150812169211
04/11/2014|16.208971168113102
04/11/2015|25.838841232318543
04/11/2016|53.91217185294255
04/11/2019|39.76950432627323
04/12/2012|26.474821858021034
04/12/2013|16.4467550434071
04/12/2014|17.94492886903609
04/12/2015|42.55380193048669
04/12/2017|44.58759455416101
04/12/2018|56.179284383146474
05/01/2011|28.032068618004978
05/01/2012|52.386719747664266
05/01/2015|28.062045125204953
05/01/2016|35.93909236081281
05/01/2017|30.88802371581907
05/01/2018|45.324708048009356
05/02/2013|15.771752513680969
05/02/2014|13.30870658052353
05/02/2015|33.312398083121515
05/02/2016|81.22721505661849
05/02/2018|27.36355089006322
05/02/2019|46.1042621831961
05/03/2012|25.512011509480764
05/03/2013|18.455298608773937
05/03/2014|24.938492510781717
05/03/2015|18.060422361130527
05/03/2018|43.34602005253127
05/03/2019|17.724064910740235
05/04/2010|4.369486327176964
05/04/2011|12.428393239789315
05/04/2012|18.308505564297135
05/04/2013|20.56593970253653
05/04/2016|60.86422270170961
05/04/2017|54.12266265975697
05/04/2018|17.606820348097273
05/04/2019|71.27086629713783
05/05/2011|12.609352462422166
05/05/2015|48.563149125415094
05/05/2016|77.11834966751644
05/05/2017|103.23957826925557
05/06/2012|38.352293192853075
05/06/2013|19.447223358282304
05/06/2015|42.99713363477671
05/06/2017|47.63517834488956
05/06/2018|39.36280950611159
05/06/2019|31.883509099719177
05/07/2011|9.084676952751673
05/07/2012|9.053893643742416
05/07/2013|36.991529477390166
05/07/2016|50.55406479914903
05/07/2017|23.63206760527292
05/07/2018|69.20988473252234
05/07/2019|35.07557685662529
05/08/2011|29.734936057453297
05/08/2013|26.0134214795104
05/08/2015|25.573165281120346
05/08/2016|63.265705635009745
05/08/2019|48.86314024402582
05/09/2011|27.71129316023598
05/09/2012|11.701199700990776
05/09/2013|14.129104264581027
05/09/2014|22.824419750638654
05/09/2016|49.501408446924145
05/09/2017|39.4356567153646
05/09/2018|23.08740996360177
05/09/2019|35.75742838192551
05/10/2011|26.409216437342007
05/10/2012|10.415831064242099
05/10/2015|26.247721822753967
05/10/2016|51.21755497616977
05/10/2017|43.68534790879159
05/10/2018|94.2489213935005
05/11/2012|19.33495863810723
05/11/2013|21.22907983268771
05/11/2014|20.513157543815435
05/11/2015|39.36862284528146
05/11/2018|51.98411244974344
05/11/2019|30.386200004478155
05/12/2011|25.938428279477908
05/12/2012|15.436248199099946
05/12/2013|28.93179057646302
05/12/2014|33.37795080611829
05/12/2016|61.3647213254898
05/12/2017|39.51562260729006
05/12/2018|65.85025225595959
06/01/2010|6.041923507679613
06/01/2011|17.702236779965908
06/01/2012|31.6263957423456
06/01/2014|22.916963738030667
06/01/2015|26.210318652396488
06/01/2016|32.5700078787421
06/01/2017|65.31354144586824
06/02/2012|30.241066094236622
06/02/2013|14.938461178135887
06/02/2014|16.81991859226268
06/02/2015|37.63824994693936
06/02/2017|38.23335397091976
06/02/2018|35.977426573791206
06/02/2019|54.36135732375483
06/03/2012|31.145403047635185
06/03/2013|19.649432584822847
06/03/2014|21.032323894327615
06/03/2015|11.622704601126113
06/03/2017|29.81265469037566
06/03/2018|44.05924312344609
06/03/2019|45.55148998934376
06/04/2011|9.44246563822274
06/04/2015|22.02099334502741
06/04/2016|109.63917820403287
06/04/2017|33.00403240151186
06/04/2018|46.84871055326914
06/05/2010|5.548214826457754
06/05/2011|72.53027139324286
06/05/2013|17.95943890303783
06/05/2015|38.392878207940285
06/05/2016|79.53745140387655
06/05/2019|40.11370518516921
06/06/2011|11.925071808169093
06/06/2012|18.84890376462427
06/06/2013|20.16123863731102
06/06/2016|50.11186586476916
06/06/2017|58.107733230506504
06/06/2018|50.565485234917574
06/06/2019|58.10101185409923
06/07/2010|4.4783632999908
06/07/2011|35.26148293586206
06/07/2012|38.09780232542073
06/07/2015|30.656645961081818
06/07/2016|38.12281101616085
06/07/2017|41.01964387565679
06/07/2018|28.35213320683894
06/08/2010|6.212953656070004
06/08/2012|20.943078605812158
06/08/2013|20.135654056138122
06/08/2014|6.034737881627318
06/08/2015|19.488624861670626
06/08/2018|36.28883869004433
06/08/2019|54.55053351055998
06/09/2011|27.298527412742455
06/09/2012|11.776477602622133
06/09/2013|14.654326680532986
06/09/2016|67.65067596636675
06/09/2017|51.49735922866712
06/09/2018|28.72749500072142
06/09/2019|22.678096762979685
06/10/2010|10.163406521522607
06/10/2011|16.705274343814104
06/10/2014|11.059165151478794
06/10/2015|19.18427666208882
06/10/2016|91.91836197479905
06/10/2017|42.34427823099358
06/11/2012|11.318459093592685
06/11/2013|25.687744916044842
06/11/2014|9.74662139278778
06/11/2015|22.213418928560706
06/11/2017|62.31587048627423
06/11/2018|59.10122073474512
06/11/2019|14.588867007035466
06/12/2011|20.848478825564943
06/12/2012|4.911539829040125
06/12/2013|21.929955634358155
06/12/2016|63.31531986112452
06/12/2017|23.015017712190115
06/12/2018|76.0938851004104
07/01/2011|9.39473813086014
07/01/2013|21.69250773357215
07/01/2014|8.01994194476995
07/01/2015|54.608046651508545
07/01/2016|40.416930130415984
07/01/2019|63.35418870921264
07/02/2011|4.279791123764554
07/02/2012|10.151749653249304
07/02/2013|14.899404597688626
07/02/2014|35.63516164182409
07/02/2017|72.89902964875961
07/02/2018|60.15159555570043
07/02/2019|61.118995642760346
07/03/2011|9.430541122122062
07/03/2012|34.4327908133558
07/03/2013|32.999520871377776
07/03/2014|19.96700272544924
07/03/2016|89.13288694516486
07/03/2017|37.30328596530929
07/03/2018|32.29863440388167
07/03/2019|53.27295238979157
07/04/2011|22.8027440583393
07/04/2015|26.953000677240077
07/04/2016|59.025492449164545
07/04/2017|55.20983598096566
07/05/2012|3.913784013788374
07/05/2013|21.71268095858003
07/05/2015|28.15166246746578
07/05/2018|20.78934737996105
07/05/2019|57.2263623932948
07/06/2011|18.347717406142763
07/06/2012|14.787215709293974
07/06/2013|42.148802716202425
07/06/2016|80.70649798359273
07/06/2017|52.93030486466056
07/06/2018|33.412266827943135
07/06/2019|45.30228172226763
07/07/2011|12.828736193999017
07/07/2015|53.742930158799666
07/07/2016|96.49760488647371
07/07/2017|32.228078107804386
07/08/2012|11.500598746834228
07/08/2013|8.50061362449853
07/08/2014|4.288587355567515
07/08/2015|36.57633914088927
07/08/2017|20.518993240983452
07/08/2018|30.22250551493434
07/08/2019|25.103677653364073
07/09/2011|18.720028492731114
07/09/2012|8.078611281190419
07/09/2015|22.977902746637533
07/09/2016|34.30593835921923
07/09/2017|38.91006594672614
07/09/2018|34.24114577646361
07/10/2010|4.258275136807197
07/10/2011|40.832310828823594
07/10/2013|15.024707275212414
07/10/2015|59.78808317593405
07/10/2016|71.5110958996061
07/10/2019|26.53326432556836
07/11/2011|7.917486872272571
07/11/2012|11.348271693822959
07/11/2013|13.046261700406596
07/11/2014|36.155502115335004
07/11/2016|60.166620586983676
07/11/2017|76.31671325894594
07/11/2018|50.719954744078734
07/11/2019|29.748775112106287
07/12/2011|25.64898856412779
07/12/2012|28.498278712641785
07/12/2015|51.43550142404503
07/12/2016|64.19129880231668
07/12/2017|58.70511287765728
07/12/2018|81.07189096934468
08/01/2013|9.725667420102184
08/01/2014|8.766782125371476
08/01/2015|7.7511728308405665
08/01/2016|46.91651100435051
08/01/2018|20.438111085001857
08/01/2019|61.86981457473151
08/02/2011|8.371208721698597
08/02/2012|14.5886527548507
08/02/2013|39.545868022537455
08/02/2016|84.29537929163071
08/02/2017|74.2957639277395
08/02/2018|36.284250468787135
08/02/2019|52.49884930193635
08/03/2011|44.71291174472078
08/03/2012|9.235102367210455
08/03/2013|18.352977246181098
08/03/2016|99.98354502605058
08/03/2017|95.43051892852576
08/03/2018|54.399717739600455
08/03/2019|92.04027838563799
08/04/2011|22.49475624897859
08/04/2013|21.7434090011892
08/04/2015|8.025323993936723
08/04/2016|111.67526291711825
08/04/2019|72.82250731913109
08/05/2012|3.8500612025703003
08/05/2013|10.552347318721077
08/05/2015|29.93091985328819
08/05/2017|68.7930491480849
08/05/2018|60.85020892947934
08/05/2019|35.08388980641437
08/06/2011|23.288153269375698
08/06/2012|44.56851894205357
08/06/2015|28.94564610845321
08/06/2016|100.6623740424985
08/06/2017|51.11645545745359
08/06/2018|55.12085740523731
08/07/2011|20.787082733185983
08/07/2013|15.369059372662681
08/07/2015|41.45932098864762
08/07/2016|44.49571729597911
08/07/2019|46.10508966843928
08/08/2011|27.93482159802415
08/08/2012|14.453265667738954
08/08/2013|7.396761033539964
08/08/2016|72.54785889619885
08/08/2017|46.248777470212595
08/08/2018|25.79159929427839
08/08/2019|22.82812562261995
08/09/2011|21.17228005649853
08/09/2014|11.150360742967509
08/09/2015|34.21988427630177
08/09/2016|56.88912993776604
08/09/2017|74.05335814076335
08/10/2012|21.827912314020658
08/10/2013|3.5272200416536417
08/10/2014|33.649474517636584
08/10/2015|33.279985490183414
08/10/2018|76.2390469404543
08/10/2019|25.700810948513155
08/11/2011|38.61989783378786
08/11/2012|11.506892714525554
08/11/2013|21.821574629387335
08/11/2016|48.6851785964736
08/11/2017|70.24569715784813
08/11/2018|27.5727544135092
08/11/2019|49.50953119449865
08/12/2011|33.76161450299909
08/12/2014|25.470273948119242
08/12/2015|32.373243014345256
08/12/2016|43.87324678294421
08/12/2017|35.4511644618316
09/01/2012|36.248284900367025
09/01/2013|22.74447998720536
09/01/2014|16.277329457830604
09/01/2015|67.5781676016725
09/01/2017|43.78239147300477
09/01/2018|20.103745088475442
09/01/2019|53.217701091136995
09/02/2011|12.130851382661927
09/02/2012|35.39919183122775
09/02/2015|26.16669544143022
09/02/2016|100.4978284928024
09/02/2017|47.12196215897255
09/02/2018|60.38151105273851
09/03/2011|36.73936699155852
09/03/2012|26.45771755332855
09/03/2015|27.97526909234822
09/03/2016|88.12193124764745
09/03/2017|127.83936152482063
09/03/2018|60.61283900857484
09/04/2010|5.273882849301159
09/04/2012|33.874723362073446
09/04/2013|26.05466469993105
09/04/2015|14.709871607485153
09/04/2018|34.461953779067315
09/04/2019|26.47814765055262
09/05/2011|25.493389178426852
09/05/2012|25.08078866290653
09/05/2013|11.509106010700256
09/05/2014|4.541125081891576
09/05/2016|104.69697023251852
09/05/2017|36.12408891258111
09/05/2018|63.47482300871546
09/05/2019|64.72065117471348
09/06/2010|5.353357464729305
09/06/2011|26.95825496139216
09/06/2015|28.58972564973466
09/06/2016|58.64960710328342
09/06/2017|42.774090256062145
09/07/2012|17.001326492699555
09/07/2013|23.1985864266189
09/07/2015|32.99011166128709
09/07/2018|25.871543761917376
09/07/2019|27.397742930222407
09/08/2011|29.454579136589334
09/08/2012|15.443717757774849
09/08/2013|4.685142088036685
09/08/2016|85.27632980149924
09/08/2017|25.247443611497566
09/08/2018|22.000699655168983
09/08/2019|52.335942209950865
09/09/2011|7.380935124626716
09/09/2013|20.523154373847255
09/09/2014|17.913207446139303
09/09/2015|44.48612131665416
09/09/2016|74.10878408297678
09/09/2019|45.89966218276303
09/10/2012|18.458262858804375
09/10/2013|12.655308143299298
09/10/2014|23.674404344501347
09/10/2015|41.961808530758404
09/10/2017|63.208820554542875
09/10/2018|44.04133798365851
09/10/2019|51.68604189703468
09/11/2011|51.74839719023851
09/11/2012|8.815735712047735
09/11/2015|39.52780564235256
09/11/2016|92.5540498868223
09/11/2017|41.211357539720886
09/11/2018|94.74625486664765
09/12/2011|20.559472864911157
09/12/2013|11.527116998994185
09/12/2014|23.390069874255307
09/12/2015|35.31722002295909
09/12/2016|72.99642023981559
10/01/2012|32.25602002613248
10/01/2013|40.784508977207295
10/01/2014|36.034903965939066
10/01/2017|38.14523194466747
10/01/2018|52.78325102185002
10/01/2019|56.381912881854774
10/02/2011|16.577845950837037
10/02/2012|17.25193491666983
10/02/2014|12.328658834908437
10/02/2015|23.946774730492184
10/02/2016|63.33313982178206
10/02/2017|60.39397171607344
10/03/2011|10.947886533509656
10/03/2014|12.551217334626614
10/03/2015|23.41852816878565
10/03/2016|78.9392364591844
10/03/2017|78.0619776081239
10/04/2012|11.280455270570977
10/04/2013|5.16353488311527
10/04/2014|5.558106108814375
10/04/2015|38.18516585438468
10/04/2017|85.88735402077171
10/04/2018|38.0191067349879
10/04/2019|32.42762074169648
10/05/2011|14.59318508191912
10/05/2012|23.431407110938657
10/05/2013|35.81949945438274
10/05/2016|92.40285022262884
10/05/2017|65.63484067091693
10/05/2018|25.9077629033091
10/05/2019|36.873314388370694
10/06/2011|21.242910164779317
10/06/2013|34.61373489037617
10/06/2015|30.813869988057032
10/06/2016|84.810983503235
10/06/2019|33.35753359358577
10/07/2012|27.19727584858491
10/07/2013|24.805032116072447
10/07/2014|3.622293045795228
10/07/2015|30.761096405969248
10/07/2017|45.006484450435906
10/07/2018|37.105761623197886
10/07/2019|60.34383308963177
10/08/2011|25.304498700391072
10/08/2012|13.088395260330358
10/08/2015|26.75510751287942
10/08/2016|60.505126490722944
10/08/2017|33.054256933090315
10/08/2018|51.31603640636957
10/09/2010|9.062715258633505
10/09/2012|18.948322357028736
10/09/2013|21.729481038579795
10/09/2014|28.218799869861634
10/09/2015|30.30779610227694
10/09/2018|36.20310968198156
10/09/2019|80.82528601213532
10/10/2011|47.71593869654084
10/10/2012|37.260206718671114
10/10/2013|19.95569385090603
10/10/2014|23.581685469976293
10/10/2016|66.96702075717623
10/10/2017|15.033758065154899
10/10/2018|64.1202675474352
10/10/2019|25.674703796052892
10/11/2010|5.052061055519661
10/11/2011|26.083413858268898
10/11/2014|22.160217136755335
10/11/2015|47.95809053080177
10/11/2016|61.47150991687063
10/11/2017|40.73985309414889
10/12/2012|30.12817713983292
10/12/2013|7.748650495866187
10/12/2014|25.62807987040369
10/12/2015|23.5805211498474
10/12/2018|34.564792238170455
11/01/2011|10.116116171247675
11/01/2012|19.751783920002456
11/01/2013|9.723346912741498
11/01/2016|54.88882481921649
11/01/2017|57.966614999790366
11/01/2018|38.15351053682587
11/01/2019|86.932066044326
11/02/2010|6.261044513000045
11/02/2011|21.961354028298455
11/02/2013|20.44693575305846
11/02/2014|12.382831313735428
11/02/2015|27.558412929776992
11/02/2016|91.90752310502468
11/02/2019|21.823240533941267
11/03/2011|20.913367215757585
11/03/2013|12.325369502658324
11/03/2014|15.608741985351246
11/03/2015|29.99871416999287
11/03/2016|76.97674557367918
11/03/2019|53.654605657273905
11/04/2011|20.09794628439694
11/04/2012|20.746436763192555
11/04/2013|17.898936919003944
11/04/2014|5.734457604569117
11/04/2016|49.607223521612234
11/04/2017|38.287795954374126
11/04/2018|65.1812109596903
11/04/2019|58.41627332896269
11/05/2011|16.061704291560474
11/05/2012|15.581254048529601
11/05/2015|18.577392049691166
11/05/2016|94.24041858941096
11/05/2017|41.770333849907914
11/05/2018|53.521347325116636
11/06/2010|4.935924865067068
11/06/2012|16.546310110194053
11/06/2013|8.062359680461588
11/06/2015|25.905786945769556
11/06/2018|46.499745072186016
11/06/2019|33.961583094629994
11/07/2011|19.084455639477696
11/07/2012|17.56119328067861
11/07/2013|35.705514298246584
11/07/2016|39.9083037218646
11/07/2017|57.240227940975416
11/07/2018|73.50885036954037
11/07/2019|50.80083628663605
11/08/2011|15.101441728570014
11/08/2014|4.79630571312197
11/08/2015|21.802234207045725
11/08/2016|58.38177573324425
11/08/2017|81.4455638709168
11/09/2012|15.40001836674573
11/09/2013|12.46036394231305
11/09/2014|13.85604976471576
11/09/2015|47.16524365049316
11/09/2017|33.19095656937242
11/09/2018|58.045332039552456
11/09/2019|31.85052587830484
11/10/2011|42.41778475685401
11/10/2012|33.202157544806525
11/10/2013|22.612047029805673
11/10/2016|40.343096732769474
11/10/2017|41.75399421982303
11/10/2018|54.57233052066358
11/10/2019|52.446452616383546
11/11/2010|5.551629573431979
11/11/2011|22.710453831588644
11/11/2013|8.011231423220245
11/11/2014|24.977171351607613
11/11/2015|12.33072765800288
11/11/2016|51.344286424314774
11/11/2019|66.07602782538115
11/12/2012|7.985409682880219
11/12/2013|11.931472797965014
11/12/2014|36.288309389752854
11/12/2015|52.72253657658856
11/12/2017|33.99079663545527
11/12/2018|23.869809388410246
12/01/2011|19.243649995526763
12/01/2012|30.26031946282938
12/01/2015|21.162690889230227
12/01/2016|53.08911360524681
12/01/2017|51.827122477927624
12/01/2018|41.74200907616181
12/02/2013|14.969255741708874
12/02/2014|19.501245738067126
12/02/2015|19.78335157685242
12/02/2016|115.35840352565565
12/02/2018|56.28920311372268
12/02/2019|47.601425796572364
12/03/2012|25.866195675120807
12/03/2013|11.64750736815267
12/03/2014|21.374549698637637
12/03/2015|14.84901489552172
12/03/2018|21.06342933221463
12/03/2019|51.033239544949275
12/04/2012|23.628375086549553
12/04/2013|38.9214527669642
12/04/2016|93.97715138971836
12/04/2017|39.132983767222
12/04/2018|67.50015053334315
12/04/2019|61.18574529233099
12/05/2011|34.06160868622476
12/05/2015|39.10817620618802
12/05/2016|76.3181409538136
12/05/2017|35.88071542572641
12/06/2012|23.468113118185084
12/06/2013|29.1189540938204
12/06/2014|5.008973622737601
12/06/2015|29.712375699495652
12/06/2017|32.45360284086065
12/06/2018|34.46222355523266
12/06/2019|49.95803493997564
12/07/2011|29.93522407793473
12/07/2012|17.648619860234522
12/07/2013|21.813065210673344
12/07/2016|56.223116790970806
12/07/2017|56.980032455620034
12/07/2018|33.223627390388344
12/07/2019|50.13317118934191
12/08/2013|16.942862979019388
12/08/2015|22.909154217494873
12/08/2016|58.42791780061581
12/08/2019|35.7910671350388
12/09/2011|17.603448998424227
12/09/2012|10.211490779062045
12/09/2013|19.923170920220105
12/09/2014|27.106609480269746
12/09/2016|47.19107208732835
12/09/2017|30.526053944749993
12/09/2018|58.779752157275965
12/09/2019|29.09788735342234
12/10/2011|35.52134118593564
12/10/2012|24.697270727663692
12/10/2015|26.45448389923831
12/10/2016|66.10823596079184
12/10/2017|26.273677192294514
12/10/2018|59.03092691912031
12/11/2012|5.148645898960508
12/11/2013|28.44465857143143
12/11/2014|18.23756012782229
12/11/2015|9.498319611598166
12/11/2018|64.76697544288594
12/11/2019|39.39139289212325
12/12/2011|46.84751200502745
12/12/2012|32.721208377376655
12/12/2013|8.66598327570515
12/12/2014|22.42256512878943
12/12/2016|85.64542033270219
12/12/2017|78.88792543395715
12/12/2018|54.483177163507115
13/01/2011|13.434531436680004
13/01/2012|34.19266665952013
13/01/2014|8.804204348205644
13/01/2015|26.994214119698263
13/01/2016|59.799408242745606
13/01/2017|34.17711848708436
13/02/2012|9.191345942901442
13/02/2013|11.234609922589295
13/02/2014|11.224479253679764
13/02/2015|25.420214968597325
13/02/2017|68.9109920328268
13/02/2018|27.41584073400003
13/02/2019|65.30266739385421
13/03/2012|7.179002573072604
13/03/2013|8.230441987545266
13/03/2014|23.375564181899716
13/03/2015|40.07601196913123
13/03/2017|60.71592708523799
13/03/2018|14.098908604792815
13/03/2019|34.95822828952304
13/04/2011|12.844527029043173
13/04/2012|9.658494579518406
13/04/2015|16.75537822395211
13/04/2016|109.69985138305628
13/04/2017|34.8429245827157
13/04/2018|83.5000153753592
13/05/2011|19.678239050266043
13/05/2013|27.03157547457298
13/05/2014|4.9467967626814575
13/05/2015|28.40752803283438
13/05/2016|129.2626861356626
13/05/2019|57.56773255264183
13/06/2011|7.331803052440303
13/06/2012|26.818429063858993
13/06/2013|10.720418109226271
13/06/2014|5.966877385353908
13/06/2016|49.00026841550034
13/06/2017|45.011787145189814
13/06/2018|52.785591719212114
13/06/2019|40.20920331013294
13/07/2010|5.605183749807044
13/07/2011|18.75406090294178
13/07/2012|22.99630976810274
13/07/2015|31.88396742192113
13/07/2016|89.258074076084
13/07/2017|31.21372656212799
13/07/2018|46.54315365817416
13/08/2012|28.152290398238527
13/08/2013|10.679184767221182
13/08/2014|4.575426883976088
13/08/2015|28.47923560736369
13/08/2018|26.052763021403873
13/08/2019|22.75596490072633
13/09/2011|18.87740399337599
13/09/2012|32.89604887610033
13/09/2013|4.301728663784408
13/09/2016|62.7323884753979
13/09/2017|52.49640920205064
13/09/2018|23.10194454763582
13/09/2019|66.97657875999293
13/10/2011|31.88622941195025
13/10/2014|14.752417086641561
13/10/2015|26.600941369673684
13/10/2016|73.47594868595259
13/10/2017|65.3051747714718
13/11/2012|3.414057559334679
13/11/2013|16.61438293769275
13/11/2014|20.19085817429912
13/11/2015|52.66985093314968
13/11/2017|56.70825016695758
13/11/2018|79.71964972497234
13/11/2019|33.776707931583175
13/12/2011|14.383320693877083
13/12/2012|23.871693191924816
13/12/2013|33.90867447383965
13/12/2016|56.23417020167801
13/12/2017|49.77721796615178
13/12/2018|50.95584018250908
14/01/2011|17.61565365978042
14/01/2013|4.484706625111114
14/01/2014|28.404292368419956
14/01/2015|29.768077888456716
14/01/2016|24.808876032043468
14/01/2019|62.591524040585526
14/02/2011|20.095409360404282
14/02/2012|18.85919023900139
14/02/2013|14.17349510623903
14/02/2014|25.67521808280403
14/02/2017|30.228819110636895
14/02/2018|36.42189242158342
14/02/2019|35.66142147840824
14/03/2011|21.3060797101389
14/03/2012|15.613334204516999
14/03/2013|13.367025386333292
14/03/2014|11.61901236991547
14/03/2016|60.75669411175101
14/03/2017|49.19689975430144
14/03/2018|24.11350557316419
14/03/2019|54.18889744958
14/04/2011|9.551098633696721
14/04/2015|17.01331568359302
14/04/2016|69.68383682452172
14/04/2017|49.24612397740935
14/05/2012|29.07745716117273
14/05/2013|7.090774927680692
14/05/2015|26.00801037275659
14/05/2018|29.01486597440351
14/05/2019|53.978028098447936
14/06/2011|19.730953813107153
14/06/2012|20.765717955507746
14/06/2013|9.75302809433749
14/06/2016|42.93510195241891
14/06/2017|66.82724871920817
14/06/2018|56.47403024697037
14/06/2019|59.96179010563386
14/07/2010|5.221688087621217
14/07/2011|20.363122467711772
14/07/2014|4.869690755654987
14/07/2015|36.71264789074411
14/07/2016|65.9263311309269
14/07/2017|62.650835827298586
14/08/2012|29.04816956871635
14/08/2013|11.682174590000137
14/08/2014|10.276909277682101
14/08/2015|21.28235833353819
14/08/2017|26.71802028808937
14/08/2018|38.52175192429884
14/08/2019|37.584136300415295
14/09/2010|3.767696491290366
14/09/2011|42.06042990831874
14/09/2012|21.71000979798656
14/09/2015|19.496772246037132
14/09/2016|59.00305181377627
14/09/2017|43.52246405533322
14/09/2018|34.61735338252673
14/10/2011|35.24278243696025
14/10/2013|7.586876941946239
14/10/2014|27.729628645071948
14/10/2015|29.14924672106197
14/10/2016|44.30419021543619
14/10/2019|53.743185211344276
14/11/2011|25.70251981388697
14/11/2012|11.853516760894975
14/11/2014|28.15070088831295
14/11/2016|35.34182343119492
14/11/2017|52.42302337153016
14/11/2018|71.80180282583089
14/11/2019|34.253525679928394
14/12/2011|31.94185160432899
14/12/2012|7.125569377217449
14/12/2015|37.63528531417228
14/12/2016|84.6498571366394
14/12/2017|40.068368377377986
14/12/2018|53.62591531097859
15/01/2010|5.789351038834534
15/01/2013|25.232285064162802
15/01/2014|17.070469875850478
15/01/2015|23.709019332857263
15/01/2016|70.8349842161605
15/01/2018|20.807541023355476
15/01/2019|43.85300000120377
15/02/2010|4.6557077340227755
15/02/2011|12.628430561770399
15/02/2012|15.32090256039252
15/02/2013|12.603042018429745
15/02/2016|63.22545354007202
15/02/2017|20.53597078608757
15/02/2018|21.56295622083546
15/02/2019|60.89330082556593
15/03/2011|21.24022295104728
15/03/2012|8.711799470299942
15/03/2013|15.198068811650032
15/03/2016|87.54441562280522
15/03/2017|40.08727888082434
15/03/2018|37.22969626610424
15/03/2019|37.20399738597891
15/04/2011|17.361290011354843
15/04/2013|3.2897887517313333
15/04/2015|26.25981777001194
15/04/2016|131.40660690665624
15/04/2019|57.59818773713107
15/05/2012|20.551197015600508
15/05/2013|9.745654314051402
15/05/2014|9.658383004440827
15/05/2015|40.08730547146179
15/05/2017|53.05360398291522
15/05/2018|29.261795719871103
15/05/2019|50.391231965055105
15/06/2011|8.111528829769718
15/06/2012|35.750483432827416
15/06/2015|38.9748860935106
15/06/2016|54.899359092990366
15/06/2017|27.216174174941454
15/06/2018|45.97837247795511
15/07/2010|3.807241822429407
15/07/2011|16.485374818462684
15/07/2013|33.14382279580321
15/07/2015|37.39611078415247
15/07/2016|81.91016289411986
15/07/2019|31.007556789597423
15/08/2011|4.924513818747491
15/08/2012|12.189439505346133
15/08/2013|24.305709557111086
15/08/2016|66.5289535929949
15/08/2017|22.809896354752482
15/08/2018|34.39563055844997
15/08/2019|18.505354788573047
15/09/2010|4.50963834832726
15/09/2011|13.798919517832692
15/09/2014|32.048545076679844
15/09/2015|21.271033386611172
15/09/2016|67.34051880346323
15/09/2017|26.87972422661046
15/10/2010|9.111617729448563
15/10/2012|24.051651004772737
15/10/2013|18.144992713803326
15/10/2014|14.016824803428428
15/10/2015|28.755885816934146
15/10/2018|62.998375123453975
15/10/2019|34.75929293868619
15/11/2011|39.568201489284746
15/11/2012|20.75914631666321
15/11/2013|13.081299878621124
15/11/2016|48.316350535329434
15/11/2017|69.56079598812974
15/11/2018|52.52697686277942
15/11/2019|56.911536306188395
15/12/2011|31.72395647932571
15/12/2014|15.191114553420725
15/12/2015|53.870629807465306
15/12/2016|32.23140733552998
15/12/2017|40.094796788476714
16/01/2012|14.797526083960244
16/01/2013|12.483928102357291
16/01/2014|12.60814865441188
16/01/2015|45.37146994327449
16/01/2017|42.700712320621605
16/01/2018|51.35446473509727
16/01/2019|43.98552803267183
16/02/2010|6.857595273305378
16/02/2011|12.20648650623804
16/02/2012|24.71250275938838
16/02/2015|27.295547373048823
16/02/2016|130.61652822771543
16/02/2017|38.23739898209143
16/02/2018|33.98438862839642
16/03/2011|39.56471417406071
16/03/2012|22.131699425217846
16/03/2015|30.544783464027656
16/03/2016|79.67826566493494
16/03/2017|19.35698131139339
16/03/2018|30.65723300753085
16/04/2010|4.5019115558052745
16/04/2012|12.841601240667107
16/04/2013|41.22721599074089
16/04/2015|31.853564694855386
16/04/2018|57.395008723181874
16/04/2019|34.47412082707844
16/05/2011|4.230122499323168
16/05/2012|31.623804609805354
16/05/2013|4.743748120021827
16/05/2014|3.776463506766198
16/05/2016|62.244475331663665
16/05/2017|36.537662825033046
16/05/2018|26.825802498656774
16/05/2019|49.63297655281789
16/06/2011|10.984601452673033
16/06/2015|8.216272143220442
16/06/2016|48.364648557315455
16/06/2017|94.09530434311009
16/07/2012|32.351906936387564
16/07/2013|27.51679544849003
16/07/2015|42.746293076038604
16/07/2018|29.545460031737907
16/07/2019|22.393578531314805
16/08/2010|6.124144808655089
16/08/2011|13.377552050422384
16/08/2012|18.268340399469402
16/08/2013|17.502522565274415
16/08/2016|60.19370363169311
16/08/2017|38.77104717260991
16/08/2018|21.909678473451827
16/08/2019|44.97185633229624
16/09/2011|22.20809049496431
16/09/2013|5.373973594023832
16/09/2014|13.147612165135534
16/09/2015|6.0965493716926655
16/09/2016|24.239638345133486
16/09/2019|102.00228177931665
16/10/2012|9.712652080236216
16/10/2013|17.954384995365473
16/10/2014|21.001190882802874
16/10/2015|19.91576806896719
16/10/2017|55.65664892647764
16/10/2018|38.666177737580156
16/10/2019|16.437286914540234
16/11/2010|7.374128655299657
16/11/2011|24.32962757965541
16/11/2012|12.402013999274095
16/11/2015|22.457492987086727
16/11/2016|47.32553296606927
16/11/2017|41.01024288864896
16/11/2018|77.11310120684394
16/12/2011|25.171341233592614
16/12/2013|14.598418463654294
16/12/2014|14.952853508237562
16/12/2015|47.203861818424045
16/12/2016|47.89243253134326
17/01/2011|8.827540846356776
17/01/2012|25.273922438114504
17/01/2013|32.45213913981189
17/01/2014|34.23254859388956
17/01/2017|63.44607611936868
17/01/2018|32.88572103141515
17/01/2019|23.344072064552453
17/02/2011|12.118182932884313
17/02/2012|23.352060908434574
17/02/2014|4.041705746712376
17/02/2015|29.890686088564653
17/02/2016|104.49931892629097
17/02/2017|27.57496364547362
17/03/2010|9.987278406289176
17/03/2011|18.902138934504805
17/03/2014|9.69048104110177
17/03/2015|30.76893446899082
17/03/2016|68.47423190258151
17/03/2017|36.59197345524139
17/04/2013|9.845333169594927
17/04/2015|43.38009368194074
17/04/2017|22.317922243115284
17/04/2018|41.172890721192005
17/04/2019|48.84693013333794
17/05/2011|4.571864786023622
17/05/2012|18.34599249530355
17/05/2013|23.125007708897144
17/05/2016|69.81988378848986
17/05/2017|32.16313368318145
17/05/2018|31.66866333678754
17/05/2019|61.019540770577564
17/06/2011|38.545625334847465
17/06/2013|25.931665485282803
17/06/2015|34.19531935927055
17/06/2016|62.661853997818895
17/06/2019|45.22876282402202
17/07/2012|19.5065367746348
17/07/2013|11.46644705792589
17/07/2015|38.22448445532493
17/07/2017|27.36624539486222
17/07/2018|50.05956381910629
17/07/2019|36.19581912822209
17/08/2011|12.893243811741351
17/08/2012|19.16828341116345
17/08/2015|37.403737963312985
17/08/2016|81.88600736192025
17/08/2017|39.38938500226114
17/08/2018|37.301457216468
17/09/2012|17.23551770103787
17/09/2013|23.13806042814018
17/09/2014|19.873009751626707
17/09/2015|14.699461821966944
17/09/2018|29.54530341255981
17/09/2019|82.64021156735012
17/10/2011|26.490619847900632
17/10/2012|15.408024110155731
17/10/2013|13.742313952075218
17/10/2014|19.593259341285204
17/10/2016|47.947956270411375
17/10/2017|24.548801958123796
17/10/2018|50.09126760884454
17/10/2019|30.227118757490828
17/11/2011|20.590364989453345
17/11/2014|27.048343068150352
17/11/2015|32.90789632536893
17/11/2016|40.791499012316464
17/11/2017|40.782657730844036
17/12/2012|16.469283763899696
17/12/2013|9.093946411673011
17/12/2014|6.933397724562768
17/12/2015|28.12451655956734
17/12/2018|33.98484240349341
18/01/2011|14.585285426166454
18/01/2012|47.276391837725214
18/01/2013|8.385524942002473
18/01/2016|26.29871868099864
18/01/2017|32.314840729085645
18/01/2018|40.43293069732682
18/01/2019|55.711081809674816
18/02/2011|13.36161625762897
18/02/2013|19.952458837928614
18/02/2014|13.684993996590327
18/02/2015|25.84653008132525
18/02/2016|83.041801889605
18/02/2019|43.215749373224575
18/03/2011|9.281716204156023
18/03/2013|13.978414183534095
18/03/2014|9.081604298049342
18/03/2015|29.301773005205263
18/03/2016|110.91190744189545
18/03/2019|48.097396563530964
18/04/2011|13.145302853446879
18/04/2012|10.549570364997152
18/04/2013|18.069056855312546
18/04/2014|12.441806043104826
18/04/2016|180.55214060565217
18/04/2017|15.341548205751547
18/04/2018|46.76494004198035
18/04/2019|37.07095867537774
18/05/2011|17.358377072445457
18/05/2012|24.11851964821099
18/05/2015|24.53616808542915
18/05/2016|74.52922786207394
18/05/2017|31.31692999080068
18/05/2018|74.20064198904844
18/06/2010|8.50823087404596
18/06/2012|22.107153104478968
18/06/2013|16.252536970789606
18/06/2015|34.04827243312907
18/06/2018|45.732952468309676
18/06/2019|28.810448559717138
18/07/2011|8.090942845909858
18/07/2012|34.17479032683281
18/07/2013|22.407468352899876
18/07/2016|62.81036306422237
18/07/2017|51.39443638091286
18/07/2018|38.724717503556555
18/07/2019|32.19433797398606
18/08/2011|34.32186626786986
18/08/2015|29.80370338155042
18/08/2016|108.15323124999337
18/08/2017|64.25471311098434
18/09/2012|24.59758650905473
18/09/2013|22.24005946737372
18/09/2014|9.879622367277172
18/09/2015|30.03230986059069
18/09/2017|37.85989406213269
18/09/2018|31.552184497794627
18/09/2019|25.31045684331307
18/10/2010|3.56877035915553
18/10/2011|31.51222916563637
18/10/2012|27.494628273123737
18/10/2013|32.268818923433514
18/10/2016|77.38942777758946
18/10/2017|53.15278354183322
18/10/2018|70.14263980021903
18/10/2019|50.51962827282599
18/11/2010|4.537693863409509
18/11/2011|22.353588704439233
18/11/2013|20.950018897933322
18/11/2014|15.057555719268816
18/11/2015|28.642133401802536
18/11/2016|62.37603891886354
18/11/2019|30.485879709792567
18/12/2012|13.856471379132625
18/12/2014|21.522986779837417
18/12/2015|41.420039502697264
18/12/2017|30.576725675130866
18/12/2018|47.81482181880828
19/01/2011|23.63578701946213
19/01/2012|32.872311848695205
19/01/2015|16.39980112699822
19/01/2016|45.25234595110534
19/01/2017|45.197997856653764
19/01/2018|81.81766091673425
19/02/2013|22.86765588853543
19/02/2014|14.405666293340207
19/02/2015|21.05370639306755
19/02/2016|110.34410352492962
19/02/2018|27.887959666608158
19/02/2019|37.73820084680648
19/03/2010|4.073638239681609
19/03/2012|36.491342195045156
19/03/2013|32.02196178614096
19/03/2015|17.63736429325965
19/03/2018|34.12094057326905
19/03/2019|26.4425794416625
19/04/2011|11.811776746923956
19/04/2012|27.15948969451041
19/04/2013|12.936389757361846
19/04/2016|88.3752545465196
19/04/2017|36.19095938564749
19/04/2018|46.107297161171296
19/04/2019|31.400956214363298
19/05/2011|12.378475813019595
19/05/2015|22.21302117150995
19/05/2016|70.34113441981175
19/05/2017|57.80565024881835
19/06/2012|13.535932161690477
19/06/2013|19.103687749268992
19/06/2015|37.660073327180584
19/06/2017|61.00145971710605
19/06/2018|31.6137059132203
19/06/2019|22.58778540679684
19/07/2010|4.422530717126442
19/07/2011|9.539407818211096
19/07/2012|25.401158084803434
19/07/2013|39.99184448422137
19/07/2016|40.93805904564836
19/07/2017|43.40455492238711
19/07/2018|18.505739410481205
19/07/2019|81.46452549652041
19/08/2011|15.356583056599824
19/08/2013|20.52622673709265
19/08/2014|37.16634989732748
19/08/2015|11.285445630062522
19/08/2016|99.99837501664891
19/08/2019|19.900408478791796
19/09/2011|55.23827250547642
19/09/2012|9.803498706650354
19/09/2013|3.238265591229746
19/09/2014|10.581597178367783
19/09/2016|59.56403662375434
19/09/2017|25.627571488454038
19/09/2018|36.51690842101973
19/09/2019|26.33167993897053
19/10/2011|22.279212803018353
19/10/2012|28.29531433260812
19/10/2015|16.924731603411953
19/10/2016|70.01629391828745
19/10/2017|71.73127354265245
19/10/2018|63.803163405525495
19/11/2010|5.201909767740395
19/11/2012|30.995453579904083
19/11/2013|13.417342755695602
19/11/2014|15.753238588621286
19/11/2015|10.675234085294766
19/11/2018|45.15261957194648
19/11/2019|33.032934245174715
19/12/2011|24.84852105240657
19/12/2012|13.304311344753238
19/12/2013|28.766159573774654
19/12/2014|51.033347586954925
19/12/2016|53.503113632723775
19/12/2017|32.28229064529846
19/12/2018|27.66180543978729
20/01/2011|11.089681029926162
20/01/2012|30.567197651414055
20/01/2014|8.54671687784539
20/01/2015|26.10245369974792
20/01/2016|39.05354406946952
20/01/2017|37.39007880745051
20/02/2012|17.379085976490657
20/02/2013|21.769061673280547
20/02/2014|11.704428004260748
20/02/2015|27.528665739294006
20/02/2017|44.00734263311587
20/02/2018|41.79046452470018
20/02/2019|8.336876254470024
20/03/2012|44.75074467373198
20/03/2013|10.557017904126944
20/03/2014|4.12162092890504
20/03/2015|17.72190157437707
20/03/2017|55.46613003846424
20/03/2018|60.234418017233466
20/03/2019|59.152871983771966
20/04/2011|13.683286648581714
20/04/2012|25.1880609176847
20/04/2015|31.100473207732215
20/04/2016|83.67979608676943
20/04/2017|86.27739879969931
20/04/2018|50.79256594283993
20/05/2011|18.564539587978146
20/05/2013|18.860716635577283
20/05/2015|12.232036981523024
20/05/2016|101.65988593326094
20/05/2019|67.9742193082694
20/06/2011|7.299667253254211
20/06/2012|3.6184577520113215
20/06/2013|3.718214847696558
20/06/2014|5.960363975892512
20/06/2016|39.49810087180372
20/06/2017|43.02753359902816
20/06/2018|53.512873050358394
20/06/2019|26.152093035369056
20/07/2011|12.344097721039514
20/07/2012|18.42402550523045
20/07/2015|20.16584359686247
20/07/2016|55.600536479281104
20/07/2017|17.32903981405716
20/07/2018|29.240679300072607
20/08/2010|4.748234090156567
20/08/2013|22.34917348155749
20/08/2014|16.092837419488013
20/08/2015|47.80216495400607
20/08/2018|45.60240989946567
20/08/2019|20.3491808163825
20/09/2011|29.44944302955232
20/09/2012|22.787133017580384
20/09/2013|26.247935947826385
20/09/2016|47.36959209854817
20/09/2017|17.238445585273904
20/09/2018|34.58034687503975
20/09/2019|80.52412178403674
20/10/2010|4.808915068215419
20/10/2011|25.917396741346003
20/10/2014|17.72813932050874
20/10/2015|30.03880935424692
20/10/2016|52.84414631814664
20/10/2017|44.39682650564646
20/11/2012|24.440564094046984
20/11/2014|21.10417551806995
20/11/2015|30.280517841525665
20/11/2017|51.236631441791396
20/11/2018|46.15168353114889
20/11/2019|21.460015108398434
20/12/2011|34.53464691940988
20/12/2012|15.418860953378852
20/12/2013|26.19864460273794
20/12/2016|17.06710798150879
20/12/2017|30.75674920334929
20/12/2018|65.63012865403405
21/01/2011|18.13597372135958
21/01/2013|26.948934610573765
21/01/2014|14.852586778984808
21/01/2015|24.529555028370623
21/01/2016|36.56306469836458
21/01/2019|45.17202796925461
21/02/2011|15.061534137663253
21/02/2012|42.3799339367147
21/02/2013|7.641083332329951
21/02/2014|19.565546769584294
21/02/2017|47.3526579962091
21/02/2018|11.553811128642042
21/02/2019|32.15475046261962
21/03/2011|34.61228720634048
21/03/2012|21.026661022097677
21/03/2013|17.613239152256078
21/03/2016|76.60130577624597
21/03/2017|30.655269841559672
21/03/2018|38.837962960939365
21/03/2019|45.65010137604693
21/04/2011|13.727820276506774
21/04/2014|5.9792287140461955
21/04/2015|24.712377950775792
21/04/2016|69.49817927641777
21/04/2017|72.12865713523432
21/05/2012|20.599898286317433
21/05/2013|24.228339171966105
21/05/2015|18.487771564711124
21/05/2018|29.4041806834191
21/05/2019|30.923564265587615
21/06/2011|25.854241093786854
21/06/2012|14.483193251364927
21/06/2013|24.615878658541394
21/06/2016|57.82466914361258
21/06/2017|81.34374434134841
21/06/2018|46.88663761866404
21/06/2019|35.463716638298095
21/07/2011|9.843970570995095
21/07/2015|41.02942374138399
21/07/2016|25.12801995255321
21/07/2017|68.6023207838215
21/08/2012|33.61558062577219
21/08/2013|40.85043472337386
21/08/2014|15.957321779118066
21/08/2015|24.443005551673963
21/08/2017|62.091067534673115
21/08/2018|40.24469975975677
21/08/2019|45.880246845796364
21/09/2011|29.026868732977135
21/09/2012|12.391512815203708
21/09/2015|11.622848516792779
21/09/2016|63.70113503488794
21/09/2017|25.609225014253322
21/09/2018|77.16564115740054
21/10/2010|8.065596796350157
21/10/2011|19.306341395259363
21/10/2013|10.527512051413947
21/10/2014|17.798295633526063
21/10/2015|40.137045454910975
21/10/2016|28.70138194220118
21/10/2019|34.984969869673115
21/11/2011|28.120859035257933
21/11/2012|18.95640301646421
21/11/2013|5.182158058299459
21/11/2014|9.171152084813286
21/11/2016|48.17191320136313
21/11/2017|24.159860851984675
21/11/2018|97.1475291551906
21/11/2019|12.25006245705058
21/12/2010|4.168307653362536
21/12/2011|25.846241407863502
21/12/2012|9.082710277262027
21/12/2015|48.16076490915804
21/12/2016|22.16499330893636
21/12/2017|37.39654914495907
21/12/2018|55.5776181492458
22/01/2010|3.669522529631143
22/01/2013|22.48807815217432
22/01/2014|11.758236862657746
22/01/2015|26.49963448009603
22/01/2016|75.51237963169343
22/01/2018|55.16287019835668
22/01/2019|36.722255029780094
22/02/2011|13.092377787718082
22/02/2012|17.064865040862554
22/02/2013|36.66340261884591
22/02/2016|104.52665619916053
22/02/2017|51.466425172724925
22/02/2018|18.2021447600375
22/02/2019|33.48414597523319
22/03/2011|29.127967957166344
22/03/2012|34.79858277431816
22/03/2013|2.8476759334596338
22/03/2016|105.18322287126598
22/03/2017|24.591624234965106
22/03/2018|29.005373467352815
22/03/2019|35.54816772223964
22/04/2011|4.585005019628326
22/04/2013|9.67685492238753
22/04/2015|27.550914879309058
22/04/2016|120.70956353051133
22/04/2019|87.05856002823518
22/05/2012|15.1770881488989
22/05/2013|44.064228283976576
22/05/2015|26.123810141471093
22/05/2017|65.9280374555877
22/05/2018|50.32930035093048
22/05/2019|56.89467334785224
22/06/2011|14.760392160323033
22/06/2012|51.06524050732808
22/06/2015|23.626099639524142
22/06/2016|41.888033025301795
22/06/2017|92.75917905721201
22/06/2018|77.65810407412195
22/07/2011|23.96284345522072
22/07/2013|15.520452531017575
22/07/2015|28.43278468979971
22/07/2016|103.99164739693293
22/07/2019|52.44108072662016
22/08/2011|27.83782802711213
22/08/2012|17.97022088214884
22/08/2013|9.099514302598406
22/08/2014|9.041491024473656
22/08/2016|66.4860145819567
22/08/2017|60.31917677450755
22/08/2018|39.89152673881007
22/08/2019|28.7799371203562
22/09/2011|26.379853198740662
22/09/2014|11.154320576928367
22/09/2015|18.01290053967385
22/09/2016|55.16754126422826
22/09/2017|72.49698289936963
22/10/2010|4.838961068405426
22/10/2012|4.376512374014717
22/10/2013|11.433449137422908
22/10/2014|3.0058972643480226
22/10/2015|38.40971835233232
22/10/2018|89.16755590616647
22/10/2019|59.11198952899788
22/11/2010|4.447859339638026
22/11/2011|15.717729361169349
22/11/2012|23.450981402598206
22/11/2013|14.214758133825228
22/11/2016|46.175731353453216
22/11/2017|42.09516693265376
22/11/2018|49.22151623595349
22/11/2019|46.39074514367024
22/12/2011|34.47219896477858
22/12/2014|27.58360643984088
22/12/2015|19.73331555547245
22/12/2016|38.01659841202343
22/12/2017|16.383542926393073
23/01/2012|3.8823640071400374
23/01/2013|34.09197789386515
23/01/2014|8.084035523006825
23/01/2015|33.327078227239966
23/01/2017|43.68536241032882
23/01/2018|38.71405580778019
23/01/2019|32.19041410396284
23/02/2010|4.906577176861646
23/02/2011|29.203259505404162
23/02/2012|16.775754907104528
23/02/2015|41.25461487832255
23/02/2016|86.5401107867067
23/02/2017|77.37592723702623
23/02/2018|30.420688155238935
23/03/2011|25.536576017749265
23/03/2012|33.18438230188141
23/03/2015|15.197482313769605
23/03/2016|82.96739300233111
23/03/2017|47.75103951392934
23/03/2018|75.01184550354816
23/04/2012|16.471840768474486
23/04/2013|36.90263079721121
23/04/2015|34.87358926910997
23/04/2018|25.99213214137298
23/04/2019|43.36909530701498
23/05/2011|14.798877372161723
23/05/2012|14.59255963820626
23/05/2013|17.97272388145348
23/05/2014|5.145106084967878
23/05/2016|48.662973757371454
23/05/2017|64.51384938889188
23/05/2018|65.32852776529201
23/05/2019|34.35586596514092
23/06/2011|25.882776831276047
23/06/2015|12.96606027289304
23/06/2016|59.36441032963463
23/06/2017|51.386005079176876
23/07/2012|38.75319435567124
23/07/2013|12.157358576480238
23/07/2015|28.230501052896543
23/07/2018|34.31376190227047
23/07/2019|38.53319532994883
23/08/2011|36.36272285569373
23/08/2012|29.46511988857793
23/08/2013|12.126947335689346
23/08/2016|66.97778261166704
23/08/2017|66.31284859171612
23/08/2018|24.587443259777213
23/08/2019|29.51383823416331
23/09/2010|5.980393531445796
23/09/2011|70.86719609946765
23/09/2013|17.95873237046022
23/09/2014|4.364982183938186
23/09/2015|31.143980052980346
23/09/2016|86.38590209787257
23/09/2019|35.878477477407486
23/10/2012|21.340903650224114
23/10/2013|26.484533303766188
23/10/2014|14.878031987730456
23/10/2015|34.47230605992935
23/10/2017|27.15927550777037
23/10/2018|43.353175678994376
23/10/2019|41.6112580816963
23/11/2011|23.442203049900275
23/11/2012|8.024793782633308
23/11/2015|30.31159605504512
23/11/2016|42.34325436625833
23/11/2017|17.420436239184014
23/11/2018|62.874431828989316
23/12/2011|33.489877206031
23/12/2013|23.46704015633588
23/12/2014|12.983252064965324
23/12/2015|42.17535293477558
23/12/2016|43.66726193886909
24/01/2011|9.858285950573118
24/01/2012|22.10255481016266
24/01/2013|14.896781430806353
24/01/2014|20.92921372439033
24/01/2017|48.84866503635878
24/01/2018|17.574533782637545
24/01/2019|57.95571870827597
24/02/2011|39.46387808414982
24/02/2012|21.183476222836617
24/02/2014|20.555743779443382
24/02/2015|18.28974235048331
24/02/2016|134.82763815967073
24/02/2017|21.94148420898246
24/03/2011|4.675501197781474
24/03/2015|17.96951966777909
24/03/2016|60.80448674963627
24/03/2017|110.18088690117187
24/04/2012|14.12563904519298
24/04/2015|35.56966078918317
24/04/2017|77.15456952082712
24/04/2018|32.18066884782644
24/04/2019|60.569535023570324
24/05/2010|3.973681262398233
24/05/2011|12.443455067686621
24/05/2012|16.82923910193727
24/05/2013|14.745590358670071
24/05/2016|68.35285151903064
24/05/2017|61.39446022310124
24/05/2018|28.332157193659533
24/05/2019|48.304090507000836
24/06/2011|42.27822089248491
24/06/2013|20.579122235958916
24/06/2014|5.610367895921571
24/06/2015|23.17387601081483
24/06/2016|64.4662046438465
24/06/2019|44.39692016908055
24/07/2012|19.674021796979666
24/07/2013|22.308195687662245
24/07/2014|4.859606577407679
24/07/2015|35.42160396938101
24/07/2017|40.304924601538076
24/07/2018|28.45035893927787
24/07/2019|46.18325241617041
24/08/2011|56.06643833335221
24/08/2012|23.38295956440704
24/08/2015|33.28639014008111
24/08/2016|82.66571693292833
24/08/2017|64.95419210841315
24/08/2018|39.591271977436264
24/09/2010|3.737045138531279
24/09/2012|22.716510626864423
24/09/2013|12.688815383988775
24/09/2014|9.532253293808061
24/09/2015|35.9948423704829
24/09/2018|58.737995803936236
24/09/2019|31.81944097275923
24/10/2011|7.689342952507618
24/10/2012|4.594367797706099
24/10/2013|17.469086604343993
24/10/2014|15.520849844699335
24/10/2016|60.585504704027244
24/10/2017|33.725843840140456
24/10/2018|51.978725941561265
24/10/2019|24.497753859094967
24/11/2011|17.466761337838708
24/11/2014|16.72196901149563
24/11/2015|27.742313541574667
24/11/2016|21.042837590270008
24/11/2017|62.11857418298862
24/12/2010|5.133941509725625
24/12/2012|16.06837510906614
24/12/2013|14.547454260774511
24/12/2014|11.877415782609594
24/12/2015|7.599215997887468
24/12/2018|25.629073100323637
25/01/2011|12.664716941070244
25/01/2012|19.561225959487253
25/01/2013|16.618951517412498
25/01/2016|76.05150461296998
25/01/2017|52.38016216329469
25/01/2018|25.22080892636257
25/01/2019|86.03885862204572
25/02/2011|43.21407432807276
25/02/2013|17.713999040413377
25/02/2014|26.60716221228283
25/02/2015|14.141744123797881
25/02/2016|132.00283714862817
25/02/2019|67.84845700101727
25/03/2011|15.070876386956538
25/03/2013|13.146234560302053
25/03/2015|35.582845493348216
25/03/2016|36.40478978320525
25/03/2019|55.30628257890245
25/04/2011|13.866489801524823
25/04/2012|13.650634953052153
25/04/2013|9.180511618008978
25/04/2014|4.388146021332087
25/04/2016|78.8954336231239
25/04/2017|64.66443381392757
25/04/2018|27.37199570550768
25/04/2019|59.38109063933453
25/05/2011|19.425777187454194
25/05/2012|13.30463570516315
25/05/2015|28.624076275060844
25/05/2016|85.04318637153578
25/05/2017|50.24745311154734
25/05/2018|50.03783029583968
25/06/2012|22.578046048917084
25/06/2013|10.202490247802393
25/06/2015|16.335194274237985
25/06/2018|42.582185905595324
25/06/2019|65.63333555746794
25/07/2013|13.27426922803263
25/07/2014|9.095656567069344
25/07/2016|67.00984340381258
25/07/2017|21.880171171384088
25/07/2018|53.1997129331357
25/07/2019|31.947220301327306
25/08/2010|3.9099777535499256
25/08/2011|31.284649358517882
25/08/2014|16.93491384903699
25/08/2015|43.84140741724445
25/08/2016|61.24638802715844
25/08/2017|55.48277023437887
25/09/2012|21.076523742480898
25/09/2013|20.701454771729754
25/09/2015|13.567639280817863
25/09/2017|66.50380539366165
25/09/2018|61.82529773194005
25/09/2019|50.33993179895952
25/10/2011|31.637907910456512
25/10/2012|24.065236042420583
25/10/2013|30.442164008888998
25/10/2016|28.56359169471685
25/10/2017|45.43395135457254
25/10/2018|56.524040117679355
25/10/2019|27.904322033809784
25/11/2011|22.17501768267917
25/11/2013|15.178842216513782
25/11/2014|30.220585230738372
25/11/2015|10.757373074166539
25/11/2016|97.85451438459985
25/11/2019|21.944648299152853
25/12/2015|4.284302005026856
25/12/2018|4.704190426525674
26/01/2010|5.253698795640252
26/01/2012|5.000305860493519
26/01/2015|21.090888376978896
26/01/2016|87.82348666178373
26/01/2017|66.88323725289403
26/01/2018|15.725621863081754
26/02/2010|4.272405602939083
26/02/2013|14.286494667191429
26/02/2014|18.15262776113519
26/02/2015|32.20834609538354
26/02/2016|113.72161049450517
26/02/2018|31.844788462383327
26/02/2019|34.01577165650892
26/03/2012|16.630631655186395
26/03/2013|8.186470919139365
26/03/2015|46.980164802054944
26/03/2018|41.992622017013595
26/03/2019|47.05967966917195
26/04/2011|11.731875786299721
26/04/2012|11.296665114827539
26/04/2013|37.725409311902204
26/04/2016|96.90595179680042
26/04/2017|66.21049191208395
26/04/2018|50.17434676207538
26/04/2019|112.43096006964291
26/05/2011|18.646568457363784
26/05/2015|28.609009165139742
26/05/2016|120.9716509625776
26/05/2017|74.46159741917177
26/06/2012|40.59044003392263
26/06/2013|8.749419423267518
26/06/2015|29.079891334846696
26/06/2017|31.325450787156527
26/06/2018|50.55662053161384
26/06/2019|38.60261704895565
26/07/2011|12.416641687174874
26/07/2012|9.438915795760403
26/07/2013|23.041144834681393
26/07/2016|91.5618265562268
26/07/2017|59.58945271028952
26/07/2018|46.91458189371866
26/07/2019|49.71657347905044
26/08/2011|31.26612711772395
26/08/2013|10.120344370107567
26/08/2014|5.899310335913038
26/08/2015|23.24006769229975
26/08/2016|82.03136333146446
26/08/2019|26.055133754544123
26/09/2011|46.1597574016389
26/09/2012|21.63987513635061
26/09/2013|19.16426152652715
26/09/2014|5.713736224152786
26/09/2016|86.66386466526816
26/09/2017|69.41603830362578
26/09/2018|36.06227664882347
26/09/2019|43.13106343688098
26/10/2011|15.365393441113955
26/10/2012|10.470426752131363
26/10/2015|18.91945859774016
26/10/2016|64.68051575089369
26/10/2017|44.02620894313847
26/10/2018|85.5814703188752
26/11/2012|9.946328500054186
26/11/2013|13.698411741994407
26/11/2014|16.67420218625687
26/11/2015|24.467987044891974
26/11/2018|83.58431482045584
26/12/2011|7.780552491192054
26/12/2012|11.934516820510577
26/12/2013|14.511575531978
26/12/2014|42.15973290553561
26/12/2016|7.943798715453443
26/12/2017|17.184816106062897
26/12/2018|9.03437625281769
27/01/2010|7.335574501124109
27/01/2011|16.35881738158006
27/01/2012|29.092316475883116
27/01/2014|4.375189199069555
27/01/2015|12.401631342695692
27/01/2016|98.61555211644936
27/01/2017|76.84127981090771
27/02/2012|28.946674411357122
27/02/2013|13.348263127271677
27/02/2014|10.025724388863352
27/02/2015|20.534571170256903
27/02/2017|44.31394282284553
27/02/2018|32.834503282779465
27/02/2019|54.99232020047496
27/03/2012|33.98281121504055
27/03/2013|5.207119620300427
27/03/2014|9.528911744391117
27/03/2015|37.82776232000459
27/03/2017|37.60286750774846
27/03/2018|30.428847609807693
27/03/2019|34.96575673544139
27/04/2011|4.478197272539628
27/04/2012|3.4082177827276516
27/04/2015|14.88566410702142
27/04/2016|88.87721722453685
27/04/2017|57.92111535499796
27/04/2018|65.20008182638935
27/05/2011|16.267907777082293
27/05/2013|34.49691971625469
27/05/2015|32.31035796130848
27/05/2016|78.01029587785865
27/05/2019|29.31308207661887
27/06/2011|19.704774695942646
27/06/2012|30.241844197524024
27/06/2013|9.59138055105532
27/06/2014|7.6368359047908285
27/06/2016|47.15388350287792
27/06/2017|19.91130479320202
27/06/2018|34.98955143334677
27/06/2019|30.10113665686628
27/07/2010|7.9746247199174665
27/07/2011|32.62956930886507
27/07/2012|16.238648680163568
27/07/2015|21.533499941596578
27/07/2016|70.81048326578917
27/07/2017|57.311170933592535
27/07/2018|60.47940184152407
27/08/2012|26.42251158808223
27/08/2013|23.678661156468728
27/08/2014|4.191784857866761
27/08/2015|36.10999292012968
27/08/2018|19.239390030546208
27/08/2019|35.83142234093416
27/09/2011|26.735025658090425
27/09/2012|14.460997742731081
27/09/2013|16.96929870182981
27/09/2016|94.65497924606267
27/09/2017|43.743417094861044
27/09/2018|48.97598550618308
27/09/2019|56.92222372177125
27/10/2010|5.020041849541801
27/10/2011|23.27697142265833
27/10/2014|20.576864384970833
27/10/2015|22.415001189504448
27/10/2016|36.90783509970208
27/10/2017|105.49362760122817
27/11/2012|26.355761273527193
27/11/2013|15.537369960994436
27/11/2014|32.16861518394847
27/11/2015|34.067440104417805
27/11/2017|16.442275045688792
27/11/2018|74.07197191679803
27/12/2011|27.438726974592054
27/12/2012|9.063063331121551
27/12/2013|7.927453203537835
27/12/2016|37.05602106685538
27/12/2017|40.44139805519959
27/12/2018|27.99967040104909
28/01/2011|22.830594763892933
28/01/2013|27.935089420793446
28/01/2014|9.704999420388326
28/01/2015|29.298194961268937
28/01/2016|82.35298299260182
28/01/2019|38.28065575987602
28/02/2011|7.099725722788095
28/02/2012|40.89085735256488
28/02/2013|5.184445588349959
28/02/2014|7.853110824085433
28/02/2017|41.89385331478445
28/02/2018|30.72656365768748
28/02/2019|35.67731393216644
28/03/2011|4.994646352487987
28/03/2012|38.57895686625033
28/03/2013|14.794841727116502
28/03/2014|9.009549318786627
28/03/2016|44.315911298319584
28/03/2017|50.87038950249607
28/03/2018|30.620689538127557
28/03/2019|30.611791356245586
28/04/2011|8.733822309965813
28/04/2014|6.108466080320685
28/04/2015|32.31888303635236
28/04/2016|71.56620803360718
28/04/2017|46.85170591916139
28/05/2012|26.191537821923575
28/05/2013|21.089166167423897
28/05/2015|21.795362715119595
28/05/2018|51.42342562885447
28/05/2019|47.23888625888178
28/06/2011|28.551275491356755
28/06/2012|17.456961838793287
28/06/2013|17.31382945460906
28/06/2016|31.236356771061768
28/06/2017|25.828996515406466
28/06/2018|49.748351966579165
28/06/2019|61.467076896404045
28/07/2011|13.618200606321352
28/07/2015|29.992739611566904
28/07/2016|76.51253783948684
28/07/2017|65.74398315617077
28/08/2012|12.452817111964206
28/08/2013|41.32370978663557
28/08/2014|18.028765578650237
28/08/2015|34.72863152896443
28/08/2017|38.27549961628754
28/08/2018|36.09159398704521
28/08/2019|38.56795149747692
28/09/2010|4.755467035507124
28/09/2011|21.40423751552222
28/09/2012|13.071088589900214
28/09/2015|20.540775246787973
28/09/2016|71.10195274322912
28/09/2017|46.53935351067344
28/09/2018|40.81451748770114
28/10/2011|23.18368248864563
28/10/2013|7.709193243339914
28/10/2014|27.449892986279387
28/10/2015|40.15060510693361
28/10/2016|89.04269084389584
28/10/2019|57.51968768828394
28/11/2011|24.501647226632787
28/11/2012|6.605500286708988
28/11/2013|19.44175613314936
28/11/2014|35.151743216120146
28/11/2016|74.73612418295647
28/11/2017|52.01748355064359
28/11/2018|36.58176440254223
28/12/2010|3.8425164160696053
28/12/2011|27.51637422294924
28/12/2012|7.292758472145779
28/12/2015|48.378586813743624
28/12/2016|27.281960803964722
28/12/2017|6.613922055542222
28/12/2018|35.51152575257025
29/01/2013|15.740074885005054
29/01/2014|23.944670671190565
29/01/2015|8.698477080240366
29/01/2016|125.10515731494736
29/01/2018|30.38677936377454
29/01/2019|81.47974674346123
29/02/2012|24.905613754884477
29/02/2016|56.06166005011041
29/03/2011|17.873575795652826
29/03/2012|39.42887657991932
29/03/2016|46.6934278944827
29/03/2017|57.40557534695894
29/03/2018|15.78375559677672
29/03/2019|59.49097231284649
29/04/2011|8.422519948411644
29/04/2013|15.500268762476669
29/04/2015|28.384359938244444
29/04/2016|83.1792774159936
29/04/2019|67.85154579804869
29/05/2012|7.133517360733141
29/05/2013|8.318080638346519
29/05/2014|5.422797140113234
29/05/2015|36.66461295364532
29/05/2017|23.176253080901596
29/05/2018|43.448122174029464
29/05/2019|31.068147034993014
29/06/2011|25.788200269499484
29/06/2012|27.46519032268493
29/06/2015|27.648952578469082
29/06/2016|39.9716971672222
29/06/2017|53.37230990085652
29/06/2018|72.21248833841808
29/07/2011|10.53230490601598
29/07/2013|28.045341971978107
29/07/2015|27.65886568422586
29/07/2016|116.68102331081322
29/07/2019|12.819817501210803
29/08/2011|36.20378952452025
29/08/2012|20.514431029994242
29/08/2013|18.26695308432599
29/08/2014|11.591581991101314
29/08/2016|65.43282600235271
29/08/2017|51.559384878918436
29/08/2018|24.398483995374328
29/08/2019|50.565624289931925
29/09/2011|11.3171767618008
29/09/2014|5.560401561573774
29/09/2015|15.221490836840765
29/09/2016|141.4062437872964
29/09/2017|64.567569993369
29/10/2012|22.767976336622013
29/10/2013|20.379925117711686
29/10/2014|19.216006573961995
29/10/2015|27.222848097475204
29/10/2018|37.87831219645827
29/10/2019|34.47920103614637
29/11/2011|23.838245338357545
29/11/2012|31.361853937331226
29/11/2013|21.047039298018802
29/11/2016|73.98089286267027
29/11/2017|40.91062500145876
29/11/2018|36.30795907427734
29/12/2010|4.648437143016757
29/12/2011|43.36910874619191
29/12/2014|12.474712822414759
29/12/2015|43.34473689727356
29/12/2016|22.21274068203654
29/12/2017|40.03051119806405
30/01/2012|22.578331823762916
30/01/2013|13.6319812800574
30/01/2014|19.245568442081318
30/01/2015|44.69713496865671
30/01/2017|42.79483723715147
30/01/2018|34.24420545149563
30/01/2019|46.94736283694397
30/03/2010|5.857629100638315
30/03/2011|13.158269347606225
30/03/2012|15.686013205536137
30/03/2015|38.049062343629004
30/03/2016|51.64408683253447
30/03/2017|74.89546487633436
30/03/2018|23.200379729229407
30/04/2012|11.291361989279311
30/04/2013|6.2183925981834935
30/04/2015|36.60996767456012
30/04/2018|42.37119032964942
30/04/2019|67.94733545760637
30/05/2011|8.422474509035926
30/05/2012|11.287971908354645
30/05/2013|24.52783301210883
30/05/2016|31.20082252825376
30/05/2017|43.45385758365211
30/05/2018|31.019680182863073
30/05/2019|73.73383461754975
30/06/2011|12.45689275788895
30/06/2015|27.195693288868952
30/06/2016|53.99373583757219
30/06/2017|62.743452490268
30/07/2012|18.2857994175987
30/07/2013|16.79749887221896
30/07/2015|31.19649678656451
30/07/2018|23.768159289259177
30/07/2019|55.825769791456985
30/08/2011|43.55897800729827
30/08/2012|30.78918900489849
30/08/2013|34.16500632664612
30/08/2016|80.41636862073854
30/08/2017|72.62302940316528
30/08/2018|18.645376934716513
30/08/2019|27.10580992631919
30/09/2010|6.119425215559815
30/09/2011|33.30958170844273
30/09/2013|17.183234042746182
30/09/2014|5.70718541863781
30/09/2015|20.99729895588934
30/09/2016|74.12508062397622
30/09/2019|48.58784862904956
30/10/2012|26.869293919352994
30/10/2013|21.147095611943364
30/10/2014|23.37434688888482
30/10/2015|16.052531157942354
30/10/2017|52.94045111697612
30/10/2018|52.772081831243405
30/10/2019|39.05299051685877
30/11/2011|29.099810744274887
30/11/2012|16.978700036046845
30/11/2015|21.414982603616128
30/11/2016|94.1330067650188
30/11/2017|54.76065351049411
30/11/2018|100.28663302138258
30/12/2010|3.7751790967732486
30/12/2011|31.517346793691296
30/12/2013|23.329231335293226
30/12/2014|20.83515018570922
30/12/2015|25.02790374604657
30/12/2016|26.259158883851264
31/01/2011|3.7195959709109063
31/01/2012|26.095873534868804
31/01/2013|20.807820956508433
31/01/2014|21.57303461312497
31/01/2017|50.51702296938842
31/01/2018|31.690637726273934
31/01/2019|43.630933273688306
31/03/2011|17.44294697171867
31/03/2015|48.39010152303293
31/03/2016|82.0014827314722
31/03/2017|87.22011283640983
31/05/2011|30.143032915848238
31/05/2012|26.735854321459325
31/05/2013|20.180924335484146
31/05/2016|62.219035287870085
31/05/2017|50.140035268852955
31/05/2018|32.21282535697383
31/05/2019|44.90501507115692
31/07/2012|17.452761026718434
31/07/2013|13.979271236829131
31/07/2015|41.400987631756536
31/07/2017|22.794629397957003
31/07/2018|29.355465115545453
31/07/2019|37.444246182040715
31/08/2010|4.831961326206777
31/08/2012|12.291027972488937
31/08/2015|16.61857985438453
31/08/2016|51.280822798472784
31/08/2017|42.131332142473504
31/08/2018|39.01349023149062
31/10/2011|18.28981434101867
31/10/2012|7.83379761634596
31/10/2013|12.320252600061758
31/10/2014|34.08613954253183
31/10/2016|34.070545031183975
31/10/2017|46.75594273499727
31/10/2018|42.26665041333774
31/10/2019|14.187349948173638
31/12/2010|13.791727865884967
31/12/2012|11.199382530739353
31/12/2013|20.714914932454736
31/12/2014|5.4190666851230045
31/12/2015|39.016724175997076
31/12/2018|20.36140107836951
